Workbook

Sheet Задание
A1: Лабораторная работа №1 | E1: Дата выполнения | F1: 45940
A2: Фамилия Имя студента | C2: Ботников Максим
A3: Дата рождения | B3: 39184 | C3: № группы | D3: 1111 | E3: № варианта | F3: 17
A4: Развернутое решение запишите в тетрадь, ответ введите в соответствующую ячейку. Без решения в тетради результаты лабораторной не засчитываются!
A5: 1. Переведите в десятичную систему:
A6: из 2-ичной | B6: =DEC2BIN((YEAR($F$1)-YEAR($B$3))*10+DAY($B$3)+MONTH($B$3)) -> 11000100 | C6: из 8-ричной | D6: =DEC2OCT((YEAR($F$1)-YEAR($B$3))*10+F3) -> 305 | E6: из 16-ричной | F6: =DEC2HEX((YEAR($F$1)-YEAR($B$3))*10+DAY($B$3)+MONTH($B$3)+F3) -> D5
A7: ответ | B7: 196 | C7: ответ | D7: 197 | E7: ответ | F7: 213
A8: 2. Переведите в двоичную систему:
A9: из 10-ичной | B9: =100-F3-MONTH($B$3) -> 79 | C9: из 10-ичной | D9: =254-DAY($B$3)-F3 -> 225 | E9: из 10-ичной | F9: =500-QUOTIENT($D$3,100)-MONTH($B$3) -> 485
A10: ответ | B10: 1001111 | C10: ответ | D10: 11100001 | E10: ответ | F10: 111100101
A11: 3. Переведите в восьмеричную систему
A12: из 10-ичной | B12: =64+F3 -> 81 | C12: из 10-ичной | D12: =D3-_xlfn.FLOOR.MATH(D3,1000) -> 111 | E12: из 10-ичной | F12: =YEAR($B$3)-MONTH($B$3)+9 -> 2012
A13: ответ | B13: 121 | C13: ответ | D13: 157 | E13: ответ | F13: 3734
A14: 4. Переведите в шестнадцатеричную систему
A15: из 10-ичной | B15: =F3+DAY($B$3)+17 -> 46 | C15: из 10-ичной | D15: =(YEAR($F$1)-YEAR($B$3))*10+F3+17 -> 214 | E15: из 10-ичной | F15: =YEAR($B$3)-MONTH($B$3)+17 -> 2020
A16: ответ | B16: 2E | C16: ответ | D16: D6 | E16: ответ | F16: 7 E4
A17: =CONCATENATE("5. Определите информационный объем текста [студент НВГУ группы №",D3," ",C2,"] в байтах") -> 5. Определите информационный объем текста [студент НВГУ группы №1111 Ботников Максим] в байтах
A18: при ASCII-кодировании | C18: 41 | D18: при Unicode-кодировании | F18: 82
A19: 6. Расставьте величины в порядке возрастания: | C19: 2 Кб | D19: =CONCATENATE(D3+F3," бит") -> 1128 бит | E19: =CONCATENATE(YEAR(B3)+F3, " байт") -> 2024 байт | F19: 2^10 байт
C20: 1128 бит | D20: 2^10 байт | E20: 2024 байт | F20: 2 Кб
A21: 7. Закодируйте свои фамилию и имя в кодировке Windows 1251 (Кириллица)
A22: =C2 -> Ботников Максим | C22: 19323824223723223423822632204224234241232236
A23: 8. Раскодируйте фразу из кодировки Windows 1251 (Кириллица)
A24: =VLOOKUP(Ключ!D36,Ключ!$E$36:'Ключ'!$J$39,2) -> 238242235232247237238 | D24: отлично

Sheet Ключ
A1: Лабораторная работа №1 | E1: Дата выполнения | F1: =Задание!F1 -> 45940
A2: Фамилия Имя студента | C2: =Задание!C2 -> Ботников Максим
A3: Дата рождения | B3: =Задание!B3 -> 39184 | C3: № группы | D3: =Задание!D3 -> 1111 | E3: № студ.билета | F3: =Задание!F3 -> 17
A4: Развернутое решение запишите в тетрадь, ответ введите в соответствующую ячейку. Без решения в тетради результаты лабораторной не засчитываются!
A5: 1. Переведите в десятичную систему:
A6: из 2-ичной | B6: =Задание!B6 -> 11000100 | C6: из 8-ричной | D6: =Задание!D6 -> 305 | E6: из 16-ричной | F6: =Задание!F6 -> D5
A7: ответ | B7: =BIN2DEC(B6) -> 196 | C7: ответ | D7: =OCT2DEC(D6) -> 197 | E7: ответ | F7: =HEX2DEC(F6) -> 213
A8: 2. Переведите в двоичную систему:
A9: из 10-ичной | B9: =Задание!B9 -> 79 | C9: из 10-ичной | D9: =Задание!D9 -> 225 | E9: из 10-ичной | F9: =Задание!F9 -> 485
A10: ответ | B10: =DEC2BIN(B9) -> 1001111 | C10: ответ | D10: =DEC2BIN(D9) -> 11100001 | E10: ответ | F10: =DEC2BIN(F9) -> 111100101
A11: 3. Переведите в восьмеричную систему
A12: из 10-ичной | B12: =Задание!B12 -> 81 | C12: из 10-ичной | D12: =Задание!D12 -> 111 | E12: из 10-ичной | F12: =Задание!F12 -> 2012
A13: ответ | B13: =DEC2OCT(B12) -> 121 | C13: ответ | D13: =DEC2OCT(D12) -> 157 | E13: ответ | F13: =DEC2OCT(F12) -> 3734
A14: 4. Переведите в шестнадцатеричную систему
A15: из 10-ичной | B15: =Задание!B15 -> 46 | C15: из 10-ичной | D15: =Задание!D15 -> 214 | E15: из 10-ичной | F15: =Задание!F15 -> 2020
A16: ответ | B16: =DEC2HEX(B15) -> 2E | C16: ответ | D16: =DEC2HEX(D15) -> D6 | E16: ответ | F16: =DEC2HEX(F15) -> 7E4
A17: =CONCATENATE("5. Определить информационный объем текста [студент НВГУ группы №",D3," ",C2,"] в байтах") -> 5. Определить информационный объем текста [студент НВГУ группы №1111 Ботников Максим] в байтах | G17: =LEN(CONCATENATE("студент НВГУ группы №",Задание!D3," ",C2)) -> 41
A18: при ASCII-кодировании | C18: =G17 -> 41 | D18: при Unicode-кодировании | F18: =G17*2 -> 82
A19: 6. Расставь в порядке возрастания: | C19: =Задание!C19 -> 2 Кб | D19: =Задание!D19 -> 1128 бит | E19: =Задание!E19 -> 2024 байт | F19: =Задание!F19 -> 2^10 байт | G19: 2048 | H19: =ROUND(F3/10,0)/8 -> 0.25 | I19: =YEAR(B3) -> 2007 | J19: 1024
C20: =CHOOSE(G21,$C$19,$D$19,$E$19,$F$19) -> 1128 бит | D20: =CHOOSE(H21,$C$19,$D$19,$E$19,$F$19) -> 2^10 байт | E20: =CHOOSE(I21,$C$19,$D$19,$E$19,$F$19) -> 2024 байт | F20: =CHOOSE(J21,$C$19,$D$19,$E$19,$F$19) -> 2 Кб | G20: =SMALL($G$19:$J$19,1) -> 0.25 | H20: =SMALL($G$19:$J$19,2) -> 1024 | I20: =SMALL($G$19:$J$19,3) -> 2007 | J20: =SMALL($G$19:$J$19,4) -> 2048
A21: 7. Закодируйте свои фамилию и имя в кодировке Windows-1251 (использовать 10-чные коды) | G21: =MATCH(G20,$G$19:$J$19,0) -> 2 | H21: =MATCH(H20,$G$19:$J$19,0) -> 4 | I21: =MATCH(I20,$G$19:$J$19,0) -> 3 | J21: =MATCH(J20,$G$19:$J$19,0) -> 1
A22: =C2 -> Ботников Максим | C22: =CONCATENATE(CODE(C2),IF(ISERROR(CODE(MID(C2,2,1))),"",CODE(MID(C2,2,1))),IF(ISERROR(CODE(MID(C2,3,1))),"",CODE(MID(C2,3,1))),IF(ISERROR(CODE(MID(C2,4,1))),"",CODE(MID(C2,4,1))),IF(ISERROR(CODE(MID(C2,5,1))),"",CODE(MID(C2,5,1))),IF(ISERROR(CODE(MID(C2,6,1))),"",CODE(MID(C2,6,1))),IF(ISERROR(CODE(MID(C2,7,1))),"",CODE(MID(C2,7,1))),IF(ISERROR(CODE(MID(C2,8,1))),"",CODE(MID(C2,8,1))),IF(ISERROR(CODE(MID(C2,9,1))),"",CODE(MID(C2,9,1))),IF(ISERROR(CODE(MID(C2,10,1))),"",CODE(MID(C2,10,1))),IF(ISERROR(CODE(MID(C2,11,1))),"",CODE(MID(C2,11,1))),IF(ISERROR(CODE(MID(C2,12,1))),"",CODE(MID(C2,12,1))),IF(ISERROR(CODE(MID(C2,13,1))),"",CODE(MID(C2,13,1))),IF(ISERROR(CODE(MID(C2,14,1))),"",CODE(MID(C2,14,1))),IF(ISERROR(CODE(MID(C2,15,1))),"",CODE(MID(C2,15,1))),IF(ISERROR(CODE(MID(C2,16,1))),"",CODE(MID(C2,16,1))),IF(ISERROR(CODE(MID(C2,17,1))),"",CODE(MID(C2,17,1))),IF(ISERROR(CODE(MID(C2,18,1))),"",CODE(MID(C2,18,1))),IF(ISERROR(CODE(MID(C2,19,1))),"",CODE(MID(C2,19,1))),IF(ISERROR(CODE(MID(C2,20,1))),"",CODE(MID(C2,20,1))),IF(ISERROR(CODE(MID(C2,21,1))),"",CODE(MID(C2,21,1))),IF(ISERROR(CODE(MID(C2,22,1))),"",CODE(MID(C2,22,1))),IF(ISERROR(CODE(MID(C2,23,1))),"",CODE(MID(C2,23,1))),IF(ISERROR(CODE(MID(C2,24,1))),"",CODE(MID(C2,24,1))),IF(ISERROR(CODE(MID(C2,25,1))),"",CODE(MID(C2,25,1))),IF(ISERROR(CODE(MID(C2,26,1))),"",CODE(MID(C2,26,1))),IF(ISERROR(CODE(MID(C2,27,1))),"",CODE(MID(C2,27,1))),IF(ISERROR(CODE(MID(C2,28,1))),"",CODE(MID(C2,28,1))),IF(ISERROR(CODE(MID(C2,29,1))),"",CODE(MID(C2,29,1))),IF(ISERROR(CODE(MID(C2,30,1))),"",CODE(MID(C2,30,1)))) -> 19323824223723223423822632204224234241232236
A23: 8. Раскодируйте фразу из кодировки Windows 1251 (использовать 10-чные коды)
A24: =VLOOKUP($D$36,$E$36:$J$39,2) -> 238242235232247237238
B26: 1 | C26: 2 | D26: 3
A27: 1 | B27: =IF(B7=Задание!B7,1,0) -> 1 | C27: =IF(D7=Задание!D7,1,0) -> 1 | D27: =IF(F7=Задание!F7,1,0) -> 1
A28: 2 | B28: =IF(EXACT(TEXT(B10,0),TEXT(Задание!B10,0)),1,0) -> 1 | C28: =IF(EXACT(TEXT(D10,0),TEXT(Задание!D10,0)),1,0) -> 1 | D28: =IF(EXACT(TEXT(F10,0),TEXT(Задание!F10,0)),1,0) -> 1
A29: 3 | B29: =IF(EXACT(TEXT(B13,0),TEXT(Задание!B13,0)),1,0) -> 1 | C29: =IF(EXACT(TEXT(D13,0),TEXT(Задание!D13,0)),1,0) -> 1 | D29: =IF(EXACT(TEXT(F13,0),TEXT(Задание!F13,0)),1,0) -> 1
A30: 4 | B30: =IF(EXACT(TEXT(B16,0),TEXT(Задание!B16,0)),1,0) -> 1 | C30: =IF(EXACT(TEXT(D16,0),TEXT(Задание!D16,0)),1,0) -> 1 | D30: =IF(EXACT(TEXT(F16,0),TEXT(Задание!F16,0)),1,0) -> 0
A31: 5 | B31: =IF(C18=Задание!C18,1,0) -> 1 | D31: =IF(F18=Задание!F18,1,0) -> 1
A32: 6 | B32: =IF(AND(Ключ!C20=Задание!C20,Задание!D20=Ключ!D20,Ключ!E20=Задание!E20,Задание!F20=Ключ!F20),1,0) -> 1
A33: 7 | B33: =IF(EXACT(TEXT(C22,0),TEXT(Задание!C22,0)),1,0) -> 1
A34: 8
A36: сумма | B36: =SUM(B27:D32) -> 14 | C36: оценка | D36: =IF(B36>=14,"отлично",IF(B36>=11,"хорошо",IF(B36>=8,"сойдет","плохо"))) -> отлично | E36: отлично | F36: =CONCATENATE(CODE(E36),CODE(MID(E36,2,1)),CODE(MID(E36,3,1)),CODE(MID(E36,4,1)),CODE(MID(E36,5,1)),CODE(MID(E36,6,1)),CODE(MID(E36,7,1))) -> 238242235232247237238
E37: плохо | F37: =CONCATENATE(CODE(E37),CODE(MID(E37,2,1)),CODE(MID(E37,3,1)),CODE(MID(E37,4,1)),CODE(MID(E37,5,1))) -> 239235238245238
E38: сойдет | F38: =CONCATENATE(CODE(E38),CODE(MID(E38,2,1)),CODE(MID(E38,3,1)),CODE(MID(E38,4,1)),CODE(MID(E38,5,1)),CODE(MID(E38,6,1))) -> 241238233228229242
E39: хорошо | F39: =CONCATENATE(CODE(E39),CODE(MID(E39,2,1)),CODE(MID(E39,3,1)),CODE(MID(E39,4,1)),CODE(MID(E39,5,1)),CODE(MID(E39,6,1))) -> 245238240238248238
