Workbook

Sheet Задание
A1: Проверочная работа № 3 | E1: Дата выполнения | F1: =TODAY() -> 45943
A2: Фамилия Имя студента | C2: Ботников Максим
A3: Дата рождения | B3: 39184 | C3: № группы | D3: 1111 | E3: № варианта | F3: 17
A4: Развернутое решение запишите в тетрадь, ответ введите в соответствующую ячейку. Без решения в тетради результаты лабораторной не засчитываются!
A5: 1.Выполните операцию сложения
A6: в 2-ичной системе | B6: =DEC2BIN((YEAR($F$1)-YEAR($B$3))*10+DAY($B$3)+MONTH($B$3)) -> 11000100 | C6: в 8-ричной системе | D6: =DEC2OCT((YEAR($F$1)-YEAR($B$3))*13+DAY($B$3)) -> 366 | E6: в 16-ричной системе | F6: =DEC2HEX((YEAR($F$1)-YEAR($B$3))*10+MONTH($B$3)) -> B8
B7: =DEC2BIN((YEAR($F$1)-YEAR($B$3))*3+DAY($B$3)*5-MONTH($B$3)) -> 1101110 | D7: =DEC2OCT((YEAR($F$1)-YEAR($B$3))*8+DAY($B$3)*25) -> 674 | F7: =DEC2HEX((YEAR($F$1)-YEAR($B$3))*10+MONTH($B$3)*23) -> 110
A8: ответ | B8: 100110010 | C8: ответ | D8: 1262 | E8: ответ | F8: 1С8
A9: 2. Выполните операцию вычитания
A10: в 2-ичной системе | B10: =DEC2BIN((YEAR($F$1)-YEAR($B$3))*10+DAY($B$3)+MONTH($B$3)) -> 11000100 | C10: в 8-ричной системе | D10: =DEC2OCT((YEAR($F$1)-YEAR($B$3))*8+DAY($B$3)*25) -> 674 | E10: в 16-ричной системе | F10: =DEC2HEX(YEAR($B$3)-MONTH($B$3)-1500) -> 1F7
B11: =DEC2BIN((YEAR($F$1)-YEAR($B$3))*3+DAY($B$3)-MONTH($B$3)) -> 111110 | D11: =DEC2OCT((YEAR($F$1)-YEAR($B$3))*9+DAY($B$3)) -> 256 | F11: =DEC2HEX((YEAR($F$1)-YEAR($B$3))*9+MONTH($B$3)) -> A6
A12: ответ | B12: 10000110 | C12: ответ | D12: 416 | E12: ответ | F12: 151
A13: 3. Выполните операцию умножения
A14: в 2-ичной системе | B14: =DEC2BIN(DAY($B$3)*3) -> 100100 | C14: в 8-ричной системе | D14: =DEC2OCT(DAY($B$3)*5+9) -> 105 | E14: в 16-ричной системе | F14: =DEC2HEX(YEAR($B$3)-MONTH($B$3)*72) -> 6B7
B15: =DEC2BIN(DAY($B$3)/2+2) -> 1000 | D15: =DEC2OCT(DAY($B$3)+9) -> 25 | F15: =DEC2HEX((MONTH($B$3))*19) -> 4C
A16: ответ | B16: 100100000 | C16: ответ | D16: 2651 | E16: ответ | F16: 1FE54
A17: 4. Выполните операцию деления
A18: в 2-ичной системе | B18: =DEC2BIN(511 - $F$3) -> 111101110 | C18: в 8-ричной системе | D18: =DEC2OCT((YEAR($F$1)-YEAR($B$3))*13) -> 352 | E18: в 16-ричной системе | F18: =DEC2HEX(YEAR($B$3)-MONTH($B$3)*29) -> 763
B19: =DEC2BIN(MONTH($B$3)+1) -> 101 | D19: =DEC2OCT(MONTH($B$3)+4) -> 10 | F19: =DEC2HEX(MONTH($B$3)+8) -> C
A20: ответ | B20: 1100010.11001 | C20: ответ | D20: 35.2 | E20: ответ | F20: 9D.95
A21: =CONCATENATE("5. Определите информационный объем текста [студент НВГУ группы №",D3," ",C2,"] в байтах") -> 5. Определите информационный объем текста [студент НВГУ группы №1111 Ботников Максим] в байтах
A22: при ASCII-кодировании | D22: при Unicode-кодировании
A23: 6. Расставьте величины в порядке возрастания: | C23: 2 Кб | D23: =CONCATENATE(ROUND(F3/10,0)," бит") -> 2 бит | E23: =CONCATENATE(YEAR(B3), " байт") -> 2007 байт | F23: 2^10 байт
A25: 7. Закодируйте свои фамилию и имя в кодировке Windows 1251 (Кириллица)
A26: =C2 -> Ботников Максим
A27: 8. Раскодируйте фразу из кодировки Windows 1251 (Кириллица)
A28: =VLOOKUP(#REF!,#REF!:#REF!,2) -> #REF!

Sheet Ключ
A1: Лабораторная работа № 1.1 | E1: Дата выполнения | F1: =Задание!F1 -> 45943
A2: Фамилия Имя студента | C2: =Задание!C2 -> Ботников Максим
A3: Дата рождения | B3: =Задание!B3 -> 39184 | C3: № группы | D3: =Задание!D3 -> 1111 | E3: № варианта | F3: =Задание!F3 -> 17
A4: Развернутое решение запишите в тетрадь, ответ введите в соответствующую ячейку. Без решения в тетради результаты лабораторной не засчитываются!
A5: 1.Выполните операцию сложения
A6: в 2-ичной системе | B6: =Задание!B6 -> 11000100 | C6: в 8-ричной системе | D6: =Задание!D6 -> 366 | E6: в 16-ричной системе | F6: =Задание!F6 -> B8
B7: =Задание!B7 -> 1101110 | D7: =Задание!D7 -> 674 | F7: =Задание!F7 -> 110
A8: ответ | B8: =DEC2BIN(BIN2DEC(B6)+BIN2DEC(B7)) -> 100110010 | C8: ответ | D8: =DEC2OCT(OCT2DEC(D6)+OCT2DEC(D7)) -> 1262 | E8: ответ | F8: =DEC2HEX(HEX2DEC(F6)+HEX2DEC(F7)) -> 1C8
A9: 2. Выполните операцию вычитания
A10: в 2-ичной системе | B10: =Задание!B10 -> 11000100 | C10: в 8-ричной системе | D10: =Задание!D10 -> 674 | E10: в 16-ричной системе | F10: =Задание!F10 -> 1F7
B11: =Задание!B11 -> 111110 | D11: =Задание!D11 -> 256 | F11: =Задание!F11 -> A6
A12: ответ | B12: =DEC2BIN(BIN2DEC(B10)-BIN2DEC(B11)) -> 10000110 | C12: ответ | D12: =DEC2OCT(OCT2DEC(D10)-OCT2DEC(D11)) -> 416 | E12: ответ | F12: =DEC2HEX(HEX2DEC(F10)-HEX2DEC(F11)) -> 151
A13: 3. Выполните операцию умножения
A14: в 2-ичной системе | B14: =Задание!B14 -> 100100 | C14: в 8-ричной системе | D14: =Задание!D14 -> 105 | E14: в 16-ричной системе | F14: =Задание!F14 -> 6B7
B15: =Задание!B15 -> 1000 | D15: =Задание!D15 -> 25 | F15: =Задание!F15 -> 4C
A16: ответ | B16: =DEC2BIN(BIN2DEC(B14)*BIN2DEC(B15)) -> 100100000 | C16: ответ | D16: =DEC2OCT(OCT2DEC(D14)*OCT2DEC(D15)) -> 2651 | E16: ответ | F16: =DEC2HEX(HEX2DEC(F14)*HEX2DEC(F15)) -> 1FE54
A17: 4. Выполните операцию деления
A18: в 2-ичной системе | B18: =Задание!B18 -> 111101110 | C18: в 8-ричной системе | D18: =Задание!D18 -> 352 | E18: в 16-ричной системе | F18: =Задание!F18 -> 763
B19: =Задание!B19 -> 101 | D19: =Задание!D19 -> 10 | F19: =Задание!F19 -> C
A20: ответ | B20: =DEC2BIN(BIN2DEC(B18)/BIN2DEC(B19)) -> 1100010 | C20: ответ | D20: =DEC2OCT(OCT2DEC(D18)/OCT2DEC(D19)) -> 35 | E20: ответ | F20: =DEC2HEX(HEX2DEC(F18)/HEX2DEC(F19)) -> 9D
A21: =CONCATENATE("5. Определите информационный объем текста [студент НВГУ группы №",D3," ",C2,"] в байтах") -> 5. Определите информационный объем текста [студент НВГУ группы №1111 Ботников Максим] в байтах
A22: при ASCII-кодировании | D22: при Unicode-кодировании
A23: 6. Расставьте величины в порядке возрастания: | C23: 2 Кб | D23: =CONCATENATE(ROUND(F3/10,0)," бит") -> 2 бит | E23: =CONCATENATE(YEAR(B3), " байт") -> 2007 байт | F23: 2^10 байт
A25: 7. Закодируйте свои фамилию и имя в кодировке Windows 1251 (Кириллица)
A26: =C2 -> Ботников Максим
A27: 8. Раскодируйте фразу из кодировки Windows 1251 (Кириллица)
A28: =VLOOKUP(#REF!,#REF!:#REF!,2) -> #REF!
